;******************************************************************
;********* Example of Dual Port Block Memory .COE file **********
;******************************************************************
; Sample memory initialization file for Dual Port Block Memory,
; v3.0 or later.
;
; This .COE file specifies the contents for a block memory
; of depth=16, and width=32. In this case, values are specified
; in binary format.
memory_initialization_radix = 2;
memory_initialization_vector=
00000000000000000000001000010011000000000000000000000001100100110000000000000000000000010001001100000000000000000000000010010011,
00000000000000000000010000010011000000000000000000000011100100110000000000000000000000110001001100000000000000000000001010010011,
00000000000000000000011000010011000000000000000000000101100100110000000000000000000001010001001100000000000000000000010010010011,
00000000000000000000100000010011000000000000000000000111100100110000000000000000000001110001001100000000000000000000011010010011,
00000000000000000000101000010011000000000000000000001001100100110000000000000000000010010001001100000000000000000000100010010011,
00000000000000000000110000010011000000000000000000001011100100110000000000000000000010110001001100000000000000000000101010010011,
00000000000000000000111000010011000000000000000000001101100100110000000000000000000011010001001100000000000000000000110010010011,
00000000000100000000001010010011000000000000000000001111100100110000000000000000000011110001001100000000000000000000111010010011,
00000000000000000000001010010111000000000000000000000000011011110000000000000010110001000110001100000001111100101001001010010011,
01111000000000011000000110010011000000000000001001110001100101110011000001010010100100000111001100001000000000101000001010010011,
10000001000000011000010110010011000000000001000000000110100100111111110000000010011100100001001110111100011100011000001000010011,
00000000000100000000010110010011000000100000010100001110011000111111000101000000001001010111001100000000110101011010000000100011,
00000000000001011010011000000011100000010000000110000101100100110000000000010000000001101001001100000000101101010111000001100011,
00000000000000000000000000010011110000000000000000000101101101111111000101000000001001010111001111111110110101100000110011100011,
10000000000000000000011000110111000011111111000000000000000011110000000000000000000100000000111100000000000000000000000000010011,
00000000000101010000000100010011000000001100001000000010001100110000000011000101000101100001001100000000000001100000000001100111,
11101111000000010000000100010011001100011000000000000000011011110000000001000001000000010011001100000000110000010001000100010011,
00000000010000010010100000100011000000000011000100100110001000110000000000100001001001000010001100000000000100010010001000100011,
00000010100000010010000000100011000000000111000100101110001000110000000001100001001011000010001100000000010100010010101000100011,
00000010110000010010100000100011000000101011000100100110001000110000001010100001001001000010001100000010100100010010001000100011,
00000101000000010010000000100011000000101111000100101110001000110000001011100001001011000010001100000010110100010010101000100011,
00000101010000010010100000100011000001010011000100100110001000110000010100100001001001000010001100000101000100010010001000100011,
00000111100000010010000000100011000001010111000100101110001000110000010101100001001011000010001100000101010100010010101000100011,
00000111110000010010100000100011000001111011000100100110001000110000011110100001001001000010001100000111100100010010001000100011,
00110100001000000010010101110011000001111111000100101110001000110000011111100001001011000010001100000111110100010010101000100011,
00110100000101010001000001110011000010011000000000000000111011110000000000000001000001100001001100110100000100000010010111110011,
00000000010000010010000010000011001100000000001010100000011100111000000000000010100000101001001100000000000000000010001010110111,
00000001010000010010001010000011000000010000000100100010000000110000000011000001001000011000001100000000100000010010000100000011,
00000010010000010010010010000011000000100000000100100100000000110000000111000001001000111000001100000001100000010010001100000011,
00000011010000010010011010000011000000110000000100100110000000110000001011000001001001011000001100000010100000010010010100000011,
00000100010000010010100010000011000001000000000100101000000000110000001111000001001001111000001100000011100000010010011100000011,
00000101010000010010101010000011000001010000000100101010000000110000010011000001001010011000001100000100100000010010100100000011,
00000110010000010010110010000011000001100000000100101100000000110000010111000001001010111000001100000101100000010010101100000011,
00000111010000010010111010000011000001110000000100101110000000110000011011000001001011011000001100000110100000010010110100000011,
00110000001000000000000001110011000100010000000100000001000100110000011111000001001011111000001100000111100000010010111100000011,
00000011000000010000010000010011000000101000000100100100001000110000001000010001001001100010001111111101000000010000000100010011,
00000000000000000011010100010111111111001100010000101010001000111111110010110100001011000010001111111100101001000010111000100011,
00000000000000000011010100010111111111011000010000100101100000110001111000010000000000001110111111111111010001010000010100010011,
00000000000000000011010100010111111111011100010000100101100000110001110100010000000000001110111111111111000001010000010100010011,
11111110111101000010010000100011001101000011000000100111111100110001110000010000000000001110111111111110110001010000010100010011,
11111110000001010000010100010011000000000000000000110101000101110000000000000111100001011001001111111110100001000010011110000011,
11111110110001000010011110000011000000111000000000000000011011111111111000000100001001100010001100011010010100000000000011101111,
00000000000001111010011110000011000000001111011100000111101100111111110101000100001001110000001100000000001001111001011110010011,
11111100010001010000010100010011000000000000000000110101000101111111111011000100001001011000001100000000000001111000011000010011,
11111110111101000010011000100011000000000001011110000111100100111111111011000100001001111000001100010111010100000000000011101111,
00000000000000000000000001101111111111001110011111010010111000110000000111110000000001111001001111111110110001000010011100000011,
00000010000000010000010000010011000000001000000100101100001000110000000000010001001011100010001111111110000000010000000100010011,
00010011100100000000000011101111111110011000010100000101000100110000000000000000001101010001011111111110101001000010011000100011,
00000010000000010000000100010011000000011000000100100100000000110000000111000001001000001000001100000000000000000000000000010011,
00000010000000010000010000010011000000001000000100101110001000111111111000000001000000010001001100000000000000001000000001100111,
11111110110001000010011110000011000000000000000000000000000100111111111010110100001001000010001111111110101001000010011000100011,
00000001110000010010010000000011000000000000000000000000000100110000000000000000000000000001001111111110000001111001111011100011,
00000000000100010010111000100011111111100000000100000001000100110000000000000000100000000110011100000010000000010000000100010011,
11111110101101000010010000100011111111101010010000100110001000110000001000000001000001000001001100000000100000010010110000100011,
11111111111100000000011110010011111101111001111111110000111011111111001101000101000001010001001100000000000000000011010100010111,
00000010000000010000000100010011000000011000000100100100000000110000000111000001001000001000001100000000000001111000010100010011,
00000000100000010010110000100011000000000001000100101110001000111111111000000001000000010001001100000000000000001000000001100111,
00000000010001111000011110110011110001110000011110100111100000110000000000000010011101111001011100000010000000010000010000010011,
00000000010001111000011110110011110001100100011110100111100000110000000000000010011101111001011100000000000001111000011100010011,
11111110110001000010011000000011000000000000001000000111100100111111111011110100001001100010001101000000111101110000011110110011,
00000000000000100111011110010111000011100101000000000000111011110000000000000111100001010001001110111000100000011000010110010011,
00000000000000100111011110010111000000000000011110000111000100110000000001000111100001111011001111000100000001111010011110000011,
11111110111101000010010000100011010000001111011100000111101100110000000001000111100001111011001111000010100001111010011110000011,
11111110100001000010011000000011000000001111011100000111101100111111111011000100001001111000001100000000000000100000011100010011,
00000000000000000000000000010011000110000001000000000000111011110000000000000111100001010001001100000000000000000000010110010011,
00000000000000001000000001100111000000100000000100000001000100110000000110000001001001000000001100000001110000010010000010000011,
00000011000000010000010000010011000000101000000100100100001000110000001000010001001001100010001111111101000000010000000100010011,
11111101100001000010010110000011111101001101111111110000111011111111110010110100001011000010001111111100101001000010111000100011,
00000000000000000000010100010011000000000000000000000101100100111110110100011111111100001110111111111101110001000010010100000011,
00000010110000010010000010000011000000000000000000000000000100111111111010100100001001100010001101010010010000000010000011101111,
11111110000000010000000100010011000000000000000010000000011001110000001100000001000000010001001100000010100000010010010000000011,
11111110101001000010011000100011000000100000000100000100000100110000000010000001001011000010001100000000000100010010111000100011,
00000000000001111000010100010011000000000000011111000111100000111111111011000100001001111000001100000010000000000000000001101111,
11111110111101000010011000100011000000000001011110000111100100111111111011000100001001111000001100000011010000000000000011101111,
00000000000000000000000000010011111111000000011110011110111000110000000000000111110001111000001111111110110001000010011110000011,
00000010000000010000000100010011000000011000000100100100000000110000000111000001001000001000001100000000000001111000010100010011,
00000000100000010010110000100011000000000001000100101110001000111111111000000001000000010001001100000000000000001000000001100111,
00001111111101111111011110010011111111101100010000100111100000111111111010100100001001100010001100000010000000010000010000010011,
00000000000001111000010100010011000000000000000000000111100100110010010010010000000000001110111100000000000001111000010100010011,
00000000000000001000000001100111000000100000000100000001000100110000000110000001001001000000001100000001110000010010000010000011,
00010101001000010010001000100011000101001000000100100100001000110001010000010001001001100010001111101011000000010000000100010011,
00010011011000010010101000100011000100110101000100101100001000110001001101000001001011100010001100010101001100010010000000100011,
11101100101101000010010000100011111011001010010000100110001000110001010100000001000001000001001100010011011100010010100000100011,
11101010111101000010110000100011111010101110010000101110001000111110110011010100001000100010001111101100110001000010000000100011,
00000000000001111000101100010011111010111100010000100111100000111111110000000100001011100010001111101011000001000010101000100011,
00000000000010110000011000010011111011000100010000100111100000111110110000000100001001110000001100000000000000000000101110010011,
00001111000100000010000011101111000000000000011110000101100100110000000000000111000001010001001100000000000010111000011010010011,
00000000000001111000011010010011000000000000011100000110000100110000000000000101100001111001001100000000000001010000011100010011,
00000000000001100000011100010011111111001110010000101110001000110000000000010111100001110001001111111101110001000010011110000011,
11101110111001111010111000100011000000001000011110000111101100111111111000000111100001111001001100000000001001111001011110010011,
11101100010001000010011110000011000000000000000000001001100100110000000000000111100010010001001111101011110001000010011110000011,
00000000000010011000011100010011111011000100010000100111100000110000010011100111111010000110001100000000000010011000011100010011,
00000010111001111110110001100011000000000000100100000111000100111110110000000100001001111000001100000000111001111001100001100011,
00000000000010100000011000010011000000000000000000001010100100110000000000000111100010100001001111101011110001000010011110000011,
01000100000000000010000011101111111011000100010000100101100000111110110000000100001001010000001100000000000010101000011010010011,
11101100111101000010001000100011111011001110010000100000001000110000000000000101100001111001001100000000000001010000011100010011,
11101100110001000010011110000011000000010100000000000000011011110000000000000000000000000001001111110100100111111111000001101111,
11101011100001000010011110000011000000000000011110000000111001111110101101000100001001010000001111101100100001000010010110000011,
11111110111101110100000011100011111111011100010000100111000000111110101011100100001011000010001111111111111101111000011100010011,
11111110000001111000011110010011000000000010011110010111100100111111110111000100001001111000001100000101100000000000000001101111,
00000000001001111001011110010011111111011100010000100111100000111110111111000111101001110000001100000000100001111000011110110011,
00000000100100000000011110010011111011111100011110100110100000110000000010000111100001111011001111111110000001111000011110010011,
00000011000000000000011110010011000000001000000000000000011011110000010101110000000001111001001100000000110101111111011001100011,
11101100100001000010010110000011111011001100010000100111100000110000000000000111100001110001001100000000111001111000011110110011,
11111111111101111000011100010011111111011100010000100111100000110000000000000111100000001110011100000000000001110000010100010011,
00000000000000000000000000010011000000000000000000000000000100111111101011110000010000001110001111111100111001000010111000100011,
00010100000000010010100110000011000101000100000100101001000000110001010010000001001001000000001100010100110000010010000010000011,
00010011000000010010101110000011000100110100000100101011000000110001001110000001001010101000001100010011110000010010101000000011,
00000000100000010010111000100011111111100000000100000001000100110000000000000000100000000110011100010101000000010000000100010011,
11111110100001000010011000000011111111101011010000100100001000111111111010100100001001100010001100000010000000010000010000010011,
00000000000001111010011110000011111111101100010000100111100000110000001011000110110101100110001100000000000100000000011010010011,
11111110110001000010011100000011000000001000011110000110100100111111111110000111111101111001001100000000011101111000011110010011,
00000101000000000000000001101111000000000100011110100111100000110000000000000111101001110000001100000000110101110010000000100011,
00000000000001101010011010000011111111101100010000100110100000110000001000000110100001000110001111111110100001000010011010000011,
00000000000001101010011010000011000000001011011000100000001000111111111011000100001001100000001100000000010001101000010110010011,
11111110110001000010011010000011000000100100000000000000011011110000000000000000000001111001001100000000000001101000011100010011,
00000000101101100010000000100011111111101100010000100110000000110000000001000110100001011001001100000000000001101010011010000011,
00000000000001110000010100010011000000000000000000000111100100110000000000000110100001110001001100000000000001101010011010000011,
00000000000000001000000001100111000000100000000100000001000100110000000111000001001001000000001100000000000001111000010110010011,
11111110101001000010011000100011000000100000000100000100000100110000000010000001001011100010001111111110000000010000000100010011,
00000010110001101101011001100011000000000001000000000110100100111111111010000100001001100000001111111110101101000010010000100011,
11111111100001111111011110010011000000000111011110000111100100110000000000000111101001111000001111111110110001000010011110000011,
00000000000001111010011100000011000000001101011100100000001000111111111011000100001001110000001100000000100001111000011010010011,
00000010000001101000011001100011111111101000010000100110100000110000010110000000000000000110111100000000010001111010011110000011,
11111110110001000010011000000011000000000100011010000101100100110000000000000110101001101000001111111110110001000010011010000011,
01000001111101101101011010010011000000000000011010000111000100110000000000000110101001101000001100000000101101100010000000100011,
00000000000001101010011010000011111111101100010000100110100000110000001010000000000000000110111100000000000001101000011110010011,
00000000000001101010011010000011000000001011011000100000001000111111111011000100001001100000001100000000010001101000010110010011,
00000000000001110000010100010011000000000000011010000111100100110100000111110110110101101001001100000000000001101000011100010011,
00000000000000001000000001100111000000100000000100000001000100110000000111000001001001000000001100000000000001111000010110010011,
00000100100100010010001000100011000001001000000100100100001000110000010000010001001001100010001111111011000000010000000100010011,
11111010101101000010110000100011111110101010010000101110001000110000010100000001000001000001001100000101001000010010000000100011,
00111100000001001000011001100011000000100100000000000000011011111111101011010100001010000010001111111010110001000010101000100011,
11111011110001000010011110000011111110101111010000101010001000110000000000010111100001111001001111111011010001000010011110000011,
11111011010001000010011110000011000000000000011110000000111001110000000000000100100001010001001111111011100001000010010110000011,
11111100111101001001100011100011000000100101000000000111100100110000000000000111100001001001001100000000000001111100011110000011,
11111011010001000010011110000011111110101111010000101010001000110000000000010111100001111001001111111011010001000010011110000011,
11111111111100000000011110010011111111001111010000001011101000110000001000000000000001111001001111111100111101000010100000100011,
11111110000001000010000000100011111111001111010000101100001000111111111111110000000001111001001111111100111101000010111000100011,
11111010111001000010101000100011000000000001011110000111000100111111101101000100001001111000001111111100000001000010011000100011,
00000101010100000000011100010011111111011101010010000111100100110000000000000111100001001001001100000000000001111100011110000011,
10011101110001111000011110010011000000000000000000110111100101110000000000100111100101110001001100110010111101110110010001100011,
10011100110001111000011110010011000000000000000000110111100101110000000000000111101001110000001100000000111101110000011110110011,
11111100111101000000101110100011000000101101000000000111100100110000000000000111100000000110011100000000111101110000011110110011,
11111010100111111111000001101111111111001111010000001011101000110000001100000000000001111001001111111011010111111111000001101111,
00000000001001111001011110010011000000000000011100000111100100111111110110000100001001110000001111111100000001000010110000100011,
11111101000001111000011110010011000000001111010010000111101100110000000000010111100101111001001100000000111001111000011110110011,
00000000000001111000010010010011000000000000011111000111100000111111101101000100001001111000001111111100111101000010110000100011,
00000100100101111100010001100011000000111001000000000111100100110000010010010111110110000110001100000010111100000000011110010011,
11111011100111111111000001101111111110101111010000101010001000110000000000010111100001111001001111111011010001000010011110000011,
00000000000001111010011110000011111110101110010000101000001000110000000001000111100001110001001111111011000001000010011110000011,
11110010000001111101110011100011111111011100010000100111100000110000001001000000000000000110111111111100111101000010110000100011,
11111100111101000010011000100011000000000001000000000111100100111111001100011111111100000110111111111100000001000010111000100011,
11110000000001111101110011100011111111011100010000100111100000110000000000000000000000000001001111110010010111111111000001101111,
11111100111101000010110000100011111111111111000000000111100100111111110011110100001011100010001111111101100001000010011110000011,
11111110111101000010000000100011000000000001011110000111100100111111111000000100001001111000001111110000010111111111000001101111,
11111010111001000010100000100011000000000100011110000111000100111111101100000100001001111000001111101111010111111111000001101111,
00000000000001110000010100010011111110111000010000100101100000111111101111000100001001111000001100000000000001111010011100000011,
00000000010001111000011100010011111110110000010000100111100000110010001100000000000000000110111100000000000001111000000011100111,
00000000000000000011100100010111000000000000100100010110011000110000000000000111101010010000001111111010111001000010100000100011,
11111101011101000100011100000011000010001111000001010000011000111111110111000100001001111000001110001011000010010000100100010011,
11111101100001000010011110000011111111011100010000100100100000110000011011110111000010100110001100000010110100000000011110010011,
00000000000001010000011110010011010001000100000000000000111011110000000000001001000001010001001100000000000001111000010110010011,
11111101011101000100011100000011000000100100000000000000011011111111110011110100001011100010001101000000111101001000011110110011,
00000000000001111000000011100111000000000000011100000101000100111111101110000100001001011000001111111011110001000010011110000011,
11111101110001000010011110000011111111001111010000101110001000111111111111110111100001111001001111111101110001000010011110000011,
11111011100001000010010110000011111110111100010000100111100000110000001001000000000000000110111111111100111100000100111011100011,
11111101110001000010011110000011000000000001100100001001000100110000000000000111100000001110011100000000000001001000010100010011,
00000000000001111000010010010011000000000000100101000111100000111111110011110100001011100010001111111111111101111000011110010011,
11111101100001000010011110000011111111000000011111001000111000111111110110000100001001111000001100000100000001001000000001100011,
11111010000001111101111011100011111111011000010000100111100000111111110011110100001011000010001111111111111101111000011110010011,
00000010000000000000010100010011111110111000010000100101100000111111101111000100001001111000001100000010000000000000000001101111,
11111100111101000010111000100011111111111111011110000111100100111111110111000100001001111000001100000000000001111000000011100111,
11111011000001000000011110010011000100111100000000000000011011111111111011110000010000001110001111111101110001000010011110000011,
00000000000001010000011100010011110010001001111111110000111011110000000000000111100001010001001111111110000001000010010110000011,
11111110100001000010011100000011111111101111010000100110001000111111111011100100001001000010001100000000000001011000011110010011,
11111011100001000010010110000011111110111100010000100111100000110000010000000111110101100110001111111110110001000010011110000011,
11111110110001000010010110000011111111101000010000100101000000110000000000000111100000001110011100000010110100000000010100010011,
00000000000001100000100000010011010000001010011100000110001100110000000000000000000001111001001100000000000000000000011100010011,
00000000000001111000011010010011010000010000011010000111101100110100000010110111100001101011001100000001000001110011100000110011,
11111110111101000010011000100011111111101110010000100100001000110000000000000110100001111001001100000000000001100000011100010011,
00000000101000000000011110010011000001100100000000000000011011111111111011110100001000100010001100000000101000000000011110010011,
11111110111101000010001000100011000000001000000000000111100100110000010000000000000000000110111111111110111101000010001000100011,
11111011110001000010011110000011111111101111010000100000001000110000000000010000000001111001001100000011010000000000000001101111,
11111011110001000010011110000011000000000000011110000000111001110000001100000000000001010001001111111011100001000010010110000011,
00000001000000000000011110010011000000000000011110000000111001110000011110000000000001010001001111111011100001000010010110000011,
00000000000001111000010100010011111111100000010000100101100000111111101100000100000001111001001111111110111101000010001000100011,
11111110010001000010011100000011111111101011010000100110001000111111111010100100001001000010001110110001100111111111000011101111,
11111110100001000010011000000011111111011100010000100111100000110000000000000111100010000001001111111101011101000100011110000011,
10010010010111111111000011101111111110111100010000100101000000111111101110000100001001011000001111111110110001000010011010000011,
00000000000001001000010100010011111110111000010000100101100000111111101111000100001001111000001100000011010000000000000001101111,
11111011100001000010010110000011111110111100010000100111100000110000001000000000000000000110111100000000000001111000000011100111,
11111010111101000010101000100011111111010000010000100111100000110000000000000111100000001110011100000010010100000000010100010011,
00000100110000010010000010000011000000000000000000000000000100111100010110011111111100000110111100000000000000000000000000010011,
00000101000000010000000100010011000001000000000100101001000000110000010001000001001001001000001100000100100000010010010000000011,
00000010100000010010010000100011000000100001000100100110001000111111101100000001000000010001001100000000000000001000000001100111,
00000000110001000010010000100011000000001011010000100010001000111111110010100100001011100010001100000011000000010000010000010011,
00000001000001000010110000100011000000001111010000101010001000110000000011100100001010000010001100000000110101000010011000100011,
11111101100001000010011110000011111111001111010000101100001000110000001000000100000001111001001100000001000101000010111000100011,
00000000000001111000011010010011111111101100010000100111100000111111111011110100001001100010001111111110010001111000011110010011,
10000011110001010000010100010011000000000000000000000101000101110000000000000000000001011001001111111101110001000010011000000011,
00000010110000010010000010000011000000000000011110000101000100110000000000000000000001111001001110111001000111111111000011101111,
11111101000000010000000100010011000000000000000010000000011001110000010100000001000000010001001100000010100000010010010000000011,
11111100101101000010110000100011111111001010010000101110001000110000001100000001000001000001001100000010100000010010011000100011,
00000000111101110110011100110011111111011000010000100111100000111111110111000100001001110000001111111100110001000010101000100011,
00000100000001111001100001100011000000000011011111110111100100110000000011110111011001111011001111111101010001000010011110000011,
11111110111101000010010000100011111111011100010000100111100000111111111011110100001001100010001111111101100001000010011110000011,
11111110111101000010011000100011000000000100011100000111100100111111111011000100001001110000001100000010010000000000000001101111,
00000000000001110010011100000011111111101101010000100100001000110000000001000111100001101001001111111110100001000010011110000011,
00000000111101110000011110110011111111010100010000100111100000111111110111000100001001110000001100000000111001111010000000100011,
11111101100001000010011110000011000001001100000000000000011011111111110011110111011010001110001111111110100001000010011100000011,
00000010010000000000000001101111111111101111010000100000001000111111110111000100001001111000001111111110111101000010001000100011,
11111110000001000010011110000011111111101111010000100010001000110000000000010111000001111001001111111110010001000010011100000011,
00000000111001111000000000100011000000000000011101000111000000111111111011010100001000000010001100000000000101111000011010010011,
11111110000001000010011100000011000000001111011100000111101100111111110101000100001001111000001111111101110001000010011100000011,
00000010110000010010010000000011000000000000011110000101000100111111110111000100001001111000001111111100111101110110100011100011,
00000010100000010010011000100011111111010000000100000001000100110000000000000000100000000110011100000011000000010000000100010011,
11111100110001000010101000100011111111001011010000101100001000111111110010100100001011100010001100000011000000010000010000010011,
00000000001101111111011110010011000000001111011101100111101100111111110101000100001001111000001111111101110001000010011100000011,
11111110111101000010001000100011000011111111011111110111100100111111110110000100001001111000001100000110000001111001100001100011,
00000000111101110110011110110011111111100100010000100111000000110000000010000111100101111001001111111110010001000010011110000011,
11111110010001000010011100000011000000010000011110010111100100111111111001000100001001111000001111111110111101000010001000100011,
11111110111101000010011000100011111111011100010000100111100000111111111011110100001000100010001100000000111101110110011110110011,
11111110111001000010011000100011000000000100011110000111000100111111111011000100001001111000001100000001100000000000000001101111,
11111101010001000010011110000011111111011100010000100111000000110000000011100111101000000010001111111110010001000010011100000011,
00000011110000000000000001101111111111001111011101101110111000111111111011000100001001110000001100000000111101110000011110110011,
11111110100001000010011110000011000000011100000000000000011011111111111011110100001001000010001111111101110001000010011110000011,
00001111111101110111011100010011111111011000010000100111000000111111111011100100001001000010001100000000000101111000011100010011,
00000000111101110000011110110011111111010100010000100111100000111111110111000100001001110000001100000000111001111000000000100011,
00000000000001111000010100010011111111011100010000100111100000111111110011110111011011001110001111111110100001000010011100000011,
11111101000000010000000100010011000000000000000010000000011001110000001100000001000000010001001100000010110000010010010000000011,
11111100101101000010110000100011111111001010010000101110001000110000001100000001000001000001001100000010100000010010011000100011,
11111110110001000010011110000011000000010000000000000000011011111111111011110100001001100010001111111101110001000010011110000011,
11111111111101111000011100010011111111011000010000100111100000111111111011110100001001100010001100000000000101111000011110010011,
00000000000001111100011110000011111111101100010000100111100000110000000000000111100010000110001111111100111001000010110000100011,
01000000111101110000011110110011111111011100010000100111100000111111111011000100001001110000001111111100000001111001111011100011,
00000000000000001000000001100111000000110000000100000001000100110000001011000001001001000000001100000000000001111000010100010011,
00000000000001010000011110010011000000100000000100000100000100110000000010000001001011100010001111111110000000010000000100010011,
00000000111001111010011000100011000010000011000000000111000100110001000000000000000101111011011111111110111101000000011110100011,
00010000000000000001011110110111000000001110011110100000001000111111111011110100010001110000001100010000000000000001011110110111,
00000000111001111010011000100011000000000011000000000111000100110001000000000000000101111011011100000000000001111010001000100011,
00000000000000000000000000010011000011111111000000000000000011110000000000000111101000100010001100010000000000000001011110110111,
11111101000000010000000100010011000000000000000010000000011001110000001000000001000000010001001100000001110000010010010000000011,
11111100111101000000111110100011000000000000010100000111100100110000001100000001000001000001001100000010100000010010011000100011,
00001111111100000000000000001111000000001110011110100000001000111111110111110100010001110000001100010000000000000001011110110111,
00001111111100000000000000001111111111101111010000000111101000110000000101000111101001111000001100010000000000000001011110110111,
11111110111101000100011100000011111111101111010000000111101000110000001000000111111101111001001111111110111101000100011110000011,
00000000000000000000000000010011000000000000000000000000000100111111110011110111000111101110001100000010000000000000011110010011,
11111110000000010000000100010011000000000000000010000000011001110000001100000001000000010001001100000010110000010010010000000011,
11111110101001000010011000100011000000100000000100000100000100110000000010000001001011000010001100000000000100010010111000100011,
00000000000001111000010100010011000000000000011111000111100000111111111011000100001001111000001100000010000000000000000001101111,
11111110111101000010011000100011000000000001011110000111100100111111111011000100001001111000001111110111110111111111000011101111,
00000000000000000000000000010011111111000000011110011110111000110000000000000111110001111000001111111110110001000010011110000011,
00000010000000010000000100010011000000011000000100100100000000110000000111000001001000001000001100000000000000000000000000010011,
00000010000000010000010000010011000000001000000100101110001000111111111000000001000000010001001100000000000000001000000001100111,
00001111111100000000000000001111111111101111010000000111101000110000000101000111101001111000001100010000000000000001011110110111,
00010000000000000001011110110111111111100000011110000100111000110000000000010111111101111001001111111110111101000100011110000011,
11111110111001000100011110000011000011111111000000000000000011111111111011110100000001110010001100000000000001111010011110000011,
00000000000000001000000001100111000000100000000100000001000100110000000111000001001001000000001100000000000001111000010100010011,
00000011000000010000010000010011000000101000000100100100001000110000001000010001001001100010001111111101000000010000000100010011,
11111110111101000000011100100011111111011111010001000111100000111111110011110100000011111010001100000000000001010000011110010011,
11111110111001000100011100000011111111101111010000000111001000110000000001000111110101111001001111111110111001000100011110000011,
11111111011101111000011110010011111111101110010001000111100000110000001011100111111100000110001100000000100100000000011110010011,
11111110111101000000011110100011000001000000011110000111100100111111111011100100010001111000001111111110111101000000011100100011,
11111110111101000000011110100011000000110000011110000111100100111111111011100100010001111000001100000001000000000000000001101111,
11111101111101000100011110000011111010010101111111110000111011110000000000000111100001010001001111111110111101000100011110000011,
11111110111101000000011100100011000000001111011111110111100100111111111011100100010001111000001111111110111101000000011100100011,
11111110111001000100011110000011000000101110011111110000011000110000000010010000000001111001001111111110111001000100011100000011,
00000100000001111000011110010011111111101110010001000111100000111111111011110100000001110010001111111111011101111000011110010011,
00000011000001111000011110010011111111101110010001000111100000110000000100000000000000000110111111111110111101000000011110100011,
11100100000111111111000011101111000000000000011110000101000100111111111011110100010001111000001111111110111101000000011110100011,
00000011000000010000000100010011000000101000000100100100000000110000001011000001001000001000001100000000000000000000000000010011,
00000100100000010010010000100011000001000001000100100110001000111111101100000001000000010001001100000000000000001000000001100111,
11111110000001000000000110100011111110101111010000001111101000110000000000000101000001111001001100000101000000010000010000010011,
11111110111101000010001000100011000000000001000000000111100100111111110000000100001011100010001111111110000001000010010000100011,
11111110010001000010011100000011000000101000000000000000011011111111111011110100000001111010001100000000000100000000011110010011,
00000000000101111001011110010011000000001110011110000111101100110000000000100111100101111001001100000000000001110000011110010011,
11111110111101000000011110100011000000000001011110000111100100111111111011110100010001111000001111111110111101000010001000100011,
11111110000001000000011110100011111111001111011101101010111000111111101111110100010001111000001111111110111101000100011100000011,
11100110100111111111000011101111000010101111011101110010011000111111101111110100010001111000001111111110111101000100011100000011,
00000010111100000000011110010011111111100011010001000111000000111111111011110100000000011010001100000000000001010000011110010011,
00000010111001111110110001100011000000111001000000000111100100111111111000110100010001110000001100000100111001111111001001100011,
11111110111101000100011110000011110110000101111111110000111011110000000000000111100001010001001111111110001101000100011110000011,
11111100111001111000111000100011111111100011010001000111000000110000000010000111100001111011001111111111000001111000011110010011,
11111110111101000000011110100011000000000001011110000111100100111111111011110100010001111000001100000000000000000000000000010011,
11111010111101110001000011100011000000001000000000000111100100111111111000110100010001110000001111111010000111111111000001101111,
00000000000001111000010100010011111111100011010001000111100000110000001000000111100010000110001111111110111101000100011110000011,
11111110001101000100011110000011110100110101111111110000111011110000001000000000000001010001001111010011110111111111000011101111,
11111111111101111000011110010011111111101111010001000111100000111101001010011111111100001110111100000000000001111000010100010011,
11111110111101000100011100000011111101100101111111110000011011110000000000000000000000000001001111111110111101000000011110100011,
00000000000001010000011110010011110110111101111111110000111011111111010011110111000101101110001111111011111101000100011110000011,
00000100111101110000001001100011000000001101000000000111100100111111111000110100010001110000001111111110111101000000000110100011,
11111110001101000100011110000011111100101111011100010100111000110000000010000000000001111001001111111110001101000100011100000011,
11001101000111111111000011101111000000100000000000000101000100111100110110011111111100001110111100000000000001111000010100010011,
11111110111101000100011110000011110011000101111111110000111011110000000000000111100001010001001111111110001101000100011110000011,
11101111010111111111000001101111000000000000000000000000000100111111111011110100000001111010001111111111111101111000011110010011,
11111110111101000100011110000011000001110000000000000000011011111111111000000100000001111010001100000000000000000000000000010011,
11111110111101000100011110000011111111011100011111000111000000110000000010000111100001111011001111111111000001111000011110010011,
00000000100001111000011110110011111111110000011110000111100100110000111111110111011101110001001111111101000001110000011100010011,
00000000100001111000011110110011111111110000011110000111100100111111111011110100010001111000001111111100111001111000111000100011,
00000010111101110000011110110011111111100100010000100111100000110000000000000111100001110001001111111101110001111100011110000011,
11111110010001000010011100000011111111101111010000100100001000110000000011110111000001111011001111111110100001000010011100000011,
11111110111101000100011110000011111111101111010000100010001000110000001011110111010101111011001100000000101000000000011110010011,
11111011111101000100011110000011111111101111010001000111000000111111111011110100000001111010001100000000000101111000011110010011,
00000100110000010010000010000011000000000000011110000101000100111111111010000100001001111000001111111000111101110110011011100011,
11111101000000010000000100010011000000000000000010000000011001110000010100000001000000010001001100000100100000010010010000000011,
11111110000001000010011000100011000000110000000100000100000100110000001010000001001001000010001100000010000100010010011000100011,
00000000000001010000011110010011110010101101111111110000111011111111111000000100000000111010001111111110000001000010010000100011,
00011010111101110000010001100011000000001010000000000111100100111111111001110100010001110000001111111110111101000000001110100011,
11111110011101000100011100000011000110001111011100001110011000110000000011010000000001111001001111111110011101000100011100000011,
00000000100000000000011110010011111111100111010001000111000000110000000011110111000011100110001100000111111100000000011110010011,
00000110111101110001100001100011000000001000000000000111100100111111111001110100010001110000001100000000111101110000100001100011,
00000000010001111101011110010011111111101000010000100111100000110001011011110000010101100110001111111110110001000010011110000011,
00000000000000000010010100010111000000011100000000000000011011111111111000000100001000000010001111111110111101000010010000100011,
00000000000101111000011110010011111111100000010000100111100000111000100100011111111100001110111100000111000001010000010100010011,
11111110111101110100000011100011111111101100010000100111100000111111111000000100001001110000001111111110111101000010000000100011,
11111110100001000010010110000011000000001110011111011010011000110000000000010000000001111001001111111110110001000010011100000011,
11111110110001000010011110000011100001011101111111110000111011110000010000000101000001010001001100000000000000000010010100010111,
11111110110001000010011100000011000100001000000000000000011011111111111011110100001001100010001111111111111101111000011110010011,
00000010111100000000011110010011111111100111010001000111000000111111010011100111110000101110001100000000111100000000011110010011,
00000000111001111110101001100011000000111001000000000111100100111111111001110100010001110000001100000010111001111111000001100011,
00000101000000000000000001101111111111101111010000000011101000111111110100000111100001111001001111111110011101000100011110000011,
11111110011101000100011100000011000000101110011111110000011000110000010000000000000001111001001111111110011101000100011100000011,
11111100100101111000011110010011111111100111010001000111100000110000000011100111111010100110001100000100011000000000011110010011,
00000110000000000000011110010011111111100111010001000111000000110000001010000000000000000110111111111110111101000000001110100011,
00001000111001111110100001100011000001100110000000000111100100111111111001110100010001110000001100001000111001111111111001100011,
11111110110001000010011110000011111111101111010000000011101000111111101010010111100001111001001111111110011101000100011110000011,
00000000111101110110011110110011111111101000010000100111000000111111111001110100010001111000001100000000000001111001110001100011,
00000000010001111001011100010011111111101000010000100111100000110000000110000000000000000110111111111110111101000010010000100011,
11111110100001000010011110000011111111101111010000100100001000110000000011110111011001111011001111111110011101000100011110000011,
00000000100000000000010100010011000000011000000000000000011011111111110000000100001011100010001111101000000001111000110011100011,
11111100111101000010111000100011000000000001011110000111100100111111110111000100001001111000001110000001010011111111000011101111,
11111110100001000010010110000011111111101111011101000010111000111111111011000100001001111000001111111101110001000010011100000011,
11111110110001000010011110000011111101011100111111110000111011111111010000000101000001010001001100000000000000000010010100010111,
00000000000000000000000000010011111001010001111111110000011011111111111011110100001001100010001100000000000101111000011110010011,
00000010110000010010000010000011000000000000011110000101000100111111111010000100001001111000001111100100100111111111000001101111,
11111101000000010000000100010011000000000000000010000000011001110000001100000001000000010001001100000010100000010010010000000011,
11111100101101000010110000100011111111001010010000101110001000110000001100000001000001000001001100000010100000010010011000100011,
11111101110001000010011100000011000010101100000000000000011011111111111000000100001001000010001111111110000001000001011100100011,
00000000100001111001011110010011000000000000011111000111100000110000000011110111000001111011001111111110100001000010011110000011,
00000000111101110100011110110011111111101110010000010111100000110100000100000111010101110001001100000001000001111001011100010011,
00000000100000000000011110010011111111101111010000010111001000110100000100000111110101111001001100000001000001111001011110010011,
00000010000001111101111001100011111111101110010000010111100000110000010111000000000000000110111111111110111101000000001110100011,
01000001000001110101011100010011000000010000011110010111000100110000000000010111100101111001001111111110111001000101011110000011,
00000001000001111001011110010011000000000000011111010111100000111010100111000111100001111001001100000000000000100110011110010111,
01000001000001111101011110010011000000010000011110010111100100110000000011110111010001111011001101000001000001111101011110010011,
00000000000101111001011110010011111111101110010001010111100000110000000100000000000000000110111111111110111101000001011100100011,
11111110111101000000001110100011111111111111011110000111100100111111111001110100010001111000001111111110111101000001011100100011,
00000000000101111000011110010011111111101000010000100111100000111111101000000111100100101110001111111110011101000100011110000011,
11110100111101110110100011100011111111101000010000100111000000111111110110000100001001111000001111111110111101000010010000100011,
00000011000000010000000100010011000000101100000100100100000000110000000000000111100001010001001111111110111001000101011110000011,
00000010000000010000010000010011000000001000000100101110001000111111111000000001000000010001001100000000000000001000000001100111,
00000001000001111001011110010011111111101000010000100111100000110000101011000000000000000110111111111110000001000010010000100011,
00000000100000000000011110010011111111101111010000010111001000110000000010000111100101111001001100000001000001111101011110010011,
00000010000001111101111001100011111111101110010000010111100000110000010111000000000000000110111111111110111101000000001110100011,
01000001000001110101011100010011000000010000011110010111000100110000000000010111100101111001001111111110111001000101011110000011,
00000001000001111001011110010011000000000000011111010111100000111001110111000111100001111001001100000000000000100110011110010111,
01000001000001111101011110010011000000010000011110010111100100110000000011110111010001111011001101000001000001111101011110010011,
00000000000101111001011110010011111111101110010001010111100000110000000100000000000000000110111111111110111101000001011100100011,
11111110111101000000001110100011111111111111011110000111100100111111111001110100010001111000001111111110111101000001011100100011,
10011100100001110000011100010011000000000000001001100111000101111111101000000111100100101110001111111110011101000100011110000011,
11111110111001000101011100000011000000001111011100000111101100110000000000010111100101111001001111111110100001000010011110000011,
11111110111101000010010000100011000000000001011110000111100100111111111010000100001001111000001100000000111001111001000000100011,
00000000000000100110011110010111111101001110011111111000111000110000111111110000000001111001001111111110100001000010011100000011,
00000000000000000000000000010011000000001110011110100000001000110000000000010000000001110001001110010101110001111000011110010011,
11111101000000010000000100010011000000000000000010000000011001110000001000000001000000010001001100000001110000010010010000000011,
00000000000001010000011110010011000000110000000100000100000100110000001010000001001001000010001100000010000100010010011000100011,
11111101111001000101011110000011111111001111010000011111001000111111110011000100001010100010001111111100101101000010110000100011,
00000000000001111010011110000011100100010100011110000111100100110000000000000010011001111001011111111110111101000001011100100011,
00000111110000000000000001101111111111100000010000000110101000111110111000011111111100001110111100000000000001111001010001100011,
00000000000001111100011110000011000000001111011100000111101100111111110110000100001001110000001111111110110101000100011110000011,
00000001000001111001011110010011000000001000011111010111100100111111111011100100010101111000001100000000000001111000011100010011,
00000000000000100110011100010111111111101111010000100100001000110000000011110111010001111011001100000001000001111101011110010011,
00000000111101110000011110110011000000000001011110010111100100111111111010000100001001111000001110010000010001110000011100010011,
11111110111001000101011110000011010000010000011101010111000100110000000100000111100101110001001100000000000001111101011110000011,
00000000111101110100011110110011010000010000011111010111100100110000000100000111100101111001001100000000100001111001011110010011,
11111110110101000100011110000011111111101111010000010111001000110100000100000111110101111001001100000001000001111001011110010011,
11111101010001000010011100000011111111101101010001000111100000111111111011110100000001101010001100000000000101111000011110010011,
00000010110000010010000010000011000000000000011110000101000100111111111011100100010101111000001111111000111001111110000011100011,
11111110000000010000000100010011000000000000000010000000011001110000001100000001000000010001001100000010100000010010010000000011,
11111110101001000010011000100011000000100000000100000100000100110000000010000001001011000010001100000000000100010010111000100011,
11111110011001000101011110000011111111101111010000010011001000110000000000000110000001111001001111111110101101000010010000100011,
11101111000111111111000011101111000000000000011110000101000100111111111011000100001001011000001111111110100001000010011000000011,
00000001100000010010010000000011000000011100000100100000100000110000000000000111100001010001001100000000000001010000011110010011,
00000010000100010010111000100011111111000000000100000001000100110000000000000000100000000110011100000010000000010000000100010011,
11111110000001000010011000100011111111001010010000100110001000110000010000000001000001000001001100000010100000010010110000100011,
11111110000001000010001000100011111111000000010000101100001000111111111011110100001001000010001100000000000100000000011110010011,
00000000000001111010000000100011011111100100011110000111100100110000000000000010010101111001011111111100000001000000111110100011,
00000010000101110000011100010011000000000000000000010111001101110111110111000111100001111001001100000000000000100101011110010111,
11101101000011111111000011101111000001000011000000000101000100110000010101000000000000000110111100000000111001111001000000100011,
00000001010001111010011110000011000100000000000000010111101101110000001101000000000000000110111111111110000001000010000000100011,
00000000000001111000100001100011000000000001011111110111100100111111110101110100010001111000001111111100111101000000101110100011,
11111110000001000010011110000011000000100000000000000000011011111111110011110100000011111010001100000000000100000000011110010011,
00000000000011110100011110110111111111100000010000100111000000111111111011110100001000000010001100000000000101111000011110010011,
11111010000001111000011011100011111111011111010001000111100000111111110011100111111100101110001100100011111101111000011110010011,
10100011100000011000011110010011000000000000011110000111000100110000000000000101000001111001001111110011010011111111000011101111,
00000000000100000000011110010011000000000000011111000111000000111010001110000001100001111001001100000000111001111000000000100011,
11111100110001000010011010000011000101111100000000000000111011111010001110000001100001010001001100000110111101110001001001100011,
00001000010000000000000011101111101000111000000110000101000100111111111010000100001001011000001111111110110001000010011000000011,
11111010111101110000101011100011111111101100010000100111100000111111110110000100001001110000001111111100101001000010110000100011,
00000000000101111000011110010011111111101000010000100111100000111111111011110100001001100010001111111101100001000010011110000011,
11111110111101000010001000100011000010000000011110000111100100111111111001000100001001111000001111111110111101000010010000100011,
11111110000001000010010000100011111110001110011111110100111000110000111111110000000001111001001111111110100001000010011100000011,
00000000000001111100011100000011101000111000000110000111100100110000000000000000000000000001001111111000000111111111000001101111,
11011110000011111111000011101111000000000110000000000101000100110000000011110111000110100110001100000000010000000000011110010011,
00000000000001111000010100010011000000000001000000000111100100110000000010000000000000000110111111111110010001000010011110000011,
00000000000000001000000001100111000001000000000100000001000100110000001110000001001001000000001100000011110000010010000010000011,
00000011000000010000010000010011000000101000000100100100001000110000001000010001001001100010001111111101000000010000000100010011,
11111100110101000010100000100011111111001100010000101010001000111111110010110100001011000010001111111100101001000010111000100011,
11111110101001000010011000100011000110100000000000000000111011111111110111000100001001010000001111111101100001000010010110000011,
11111110110001000010011100000011000001101111011100001000011000111111111111110000000001111001001111111110110001000010011100000011,
11111111111000000000011110010011111111101100010000100111000000110000011011110111000011100110001111111111111000000000011110010011,
00000000111101110000101001100011000000000001000000000111100100111111111011000100001001110000001100000110111001111110111001100011,
00000110000000000000000001101111000001001111011100000110011000111111111111010000000001111001001111111110110001000010011100000011,
11111101000001000010011110000011111111010100010000100111000000110000000000110111100001101001001111111101110001000010011110000011,
00001100110000000000000011101111000000000000011010000101000100110000000000000111100001011001001100000000111101110000011110110011,
00000000011000000000010100010011111111001111010000101010001000110000100000000111100001111001001111111101010001000010011110000011,
11010001000011111111000011101111000000010101000000000101000100110000001010000000000000000110111111010001110011111111000011101111,
00000001000000000000000001101111110100000100111111110000111011110000000110000000000001010001001100000001110000000000000001101111,
11111101010001000010011110000011000000000000000000000000000100111100111110001111111100001110111100000000011000000000010100010011,
00000011000000010000000100010011000000101000000100100100000000110000001011000001001000001000001100000000000001111000010100010011,
00000010100000010010010000100011000000100001000100100110001000111111110100000001000000010001001100000000000000001000000001100111,
11111110111101000000011110100011000000000001000000000111100100111111110010100100001011100010001100000011000000010000010000010011,
11111110111101000010010000100011000000000000010100000111100100111101011100001111111100001110111100000011010000000000000001101111,
11111110100001000010011100000011000000001111011100000111101100111111110111000100001001110000001111111110111101000100011110000011,
00000000000101111000011110010011111111101111010001000111100000110000000011100111100000000010001100001111111101110111011100010011,
11111100111001111111010011100011000010000100000000000111100100111111111011110100010001110000001111111110111101000000011110100011,
00000010100000010010010000000011000000101100000100100000100000110000000000000111100001010001001100000000000000000000011110010011,
00000010100000010010011000100011111111010000000100000001000100110000000000000000100000000110011100000011000000010000000100010011,
11111101100001000010011110000011111111001011010000101100001000111111110010100100001011100010001100000011000000010000010000010011,
11111101110001000010011110000011000000111000000000000000011011111111111000000100000001011010001111111110111101000010011000100011,
11111101110001000010011110000011000000001110011110000000001000111111111011000100001001111000001100000000000001111100011100000011,
00000000000101111000011110010011111111101100010000100111100000111111110011110100001011100010001100000000000101111000011110010011,
11111110111101000000010110100011000000000001011110000111100100111111111010110100010001111000001111111110111101000010011000100011,
00000010110000010010010000000011000000000000000000000000000100111111110000000111110101001110001111111110101101000000011110000011,
00000010000100010010011000100011111111010000000100000001000100110000000000000000100000000110011100000011000000010000000100010011,
11111100101101000010110000100011111111001010010000101110001000110000001100000001000001000001001100000010100000010010010000100011,
00000000000001111100011110000011000000000001011110000111100100111111110111000100001001111000001111111110000001000010011000100011,
11111101110001000010011110000011000001101110011110010100011000111111110110000100001001111000001100000000000001111000011100010011,
11111101110001000010011110000011000000000000011110000111000100110000000000000111110001111000001100000000000101111000011110010011,
00001111111100000000011110010011000000001111011100000111001100110000000000000111110001111000001100000000001001111000011110010011,
00001000001000000000010110010011000000000011011110000111100100111111110111000100001001111000001100000010111101110001110001100011,
11111110111101000010011000100011000000000000010100000111100100111001011010011111111100001110111100000000000001111000010100010011,
00000011110000000000000001101111000000000001000000000111100100110000000000000111100101100110001111111110110001000010011110000011,
00000010110000000000000001101111111111111111000000000111100100110000001101000000000000000110111111111111111100000000011110010011,
00000000000001111000011100010011000000000000011111000111100000110000000000010111100001111001001111111101110001000010011110000011,
11111111111000000000011110010011000000001111011100010110011000111111111111110111100001111001001111111101100001000010011110000011,
00000010110000010010000010000011000000000000011110000101000100111111111111010000000001111001001100000000100000000000000001101111,
11111101000000010000000100010011000000000000000010000000011001110000001100000001000000010001001100000010100000010010010000000011,
00000000000001011000011100010011000000000000010100000111100100110000001100000001000001000001001100000010100000010010011000100011,
11111110000001000001011100100011111111001111010000011110001000110000000000000111000001111001001111111100111101000000111110100011,
11111101111101000100011110000011111111101111010000100100001000110000000001000111100001111001001100010000000010000000011110110111,
11111110111101000001011100100011000000000000011111010111100000111111111010000100001001111000001100000010000001111001110001100011,
01000001000001110101011100010011000000010000011110010111000100111111111111110111110001111001001111111101110001000001011110000011,
01000001000001111101011110010011000000010000011110010111100100110000000011110111011101111011001111111110111001000001011110000011,
00000000000100000000011110010011111111011111010001000111000000110000001100000000000000000110111111111110111101000001011100100011,
11111110111101000001011100100011000000000000011111010111100000111111111010000100001001111000001100000010111101110001001001100011,
00000000111101110110011110110011111111011100010001010111100000110000000000000111100001110001001111111110111001000101011110000011,
00000000111001111001000000100011111111101110010001010111000000111111111010000100001001111000001111111110111101000001011100100011,
00000011000000010000000100010011000000101100000100100100000000110000000000000000000000000001001100001111111100000000000000001111,
00000011000000010000010000010011000000101000000100100110001000111111110100000001000000010001001100000000000000001000000001100111,
00010000000010000000011110110111111111100000010000010111001000111111110011110100000111110010001100000000000001010000011110010011,
11111110100001000010011100000011000000000010011110010111100100111111110111100100010101111000001111111110111101000010010000100011,
11111110111101000010001000100011111111101000010000100111100000111111111011110100001001000010001100000000111101110000011110110011,
11111110111001000101011110000011111111101111010000010111001000110000000000000111110101111000001111111110010001000010011110000011,
00000000000000001000000001100111000000110000000100000001000100110000001011000001001001000000001100000000000001111000010100010011,
00000000000001010000011110010011000000110000000100000100000100110000001010000001001001100010001111111101000000010000000100010011,
00000000000001101000011110010011111111001111010000001111101000110000000000000110000001110001001100000000000001011000011010010011,
11111101111101000100011110000011111111001111010000011101001000110000000000000111000001111001001111111100111101000001111000100011,
11111110110001000010011110000011111111101111010000100110001000110001000000001000000001111011011100000010000001111001000001100011,
00000000111001111010000000100011111111101000010000100111100000111111110110100100010101110000001111111110111101000010010000100011,
00000011000000010000000100010011000000101100000100100100000000110000000000000000000000000001001100001111111100000000000000001111,
00000010100000010010010000100011000000100001000100100110001000111111110100000001000000010001001100000000000000001000000001100111,
00100000000000110000011110110111111111001111010000001111101000110000000000000101000001111001001100000011000000010000010000010011,
00100000000000110000011110110111000000001110011110100000001000111111111111110000000001110001001100000000100001111000011110010011,
00000000111001111010000000100011001000000001011100000111000100110000000010100000001001110011011100001110000001111000011110010011,
00001101110001111000011110010011001000000000001100000111101101110001100000000111111001110001001111111101111101000100011110000011,
11100101100111111110000011101111011001000000010100000101000100110000000000000000000101010001011100000000111001111010000000100011,
01111000000001110000011100010011111101000100000011100111001101110000111001000111100001111001001100100000000000110000011110110111,
11111110110001000010011110000011000000010000000000000000011011111111111000000100001001100010001100000000111001111010000000100011,
00000000100110001001011110110111111111101100010000100111000000111111111011110100001001100010001100000000000101111000011110010011,
00000001000100000000011100010011101011000000000110000111100100111111111011100111110101001110001101100111111101111000011110010011,
00000000111001111000000010100011000000100010000000000111000100111010110000000001100001111001001100000000111001111000000000100011,
10101100000000011000011110010011000000001110011110000001001000110000001100110000000001110001001110101100000000011000011110010011,
00000101010100000000011100010011101011000000000110000111100100110000000011100111100000011010001100000100010000000000011100010011,
00000000111001111000001010100011000001100110000000000111000100111010110000000001100001111001001100000000111001111000001000100011,
11111010000000000000011100010011101011000000000110000111100100110000000000000111100000110010001110101100000000011000011110010011,
00000000111001111000010000100011000000100010000000000111000100111010110000000001100001111001001100000000111001111000001110100011,
10101100000000011000011110010011000000001110011110000100101000110000000000010000000001110001001110101100000000011000011110010011,
11111000000001111110011110010011111111011111010001000111100000110000000011100111100001010010001100000000000100000000011100010011,
00000000000000100101011110010111000000001110011110000101101000111010110000000001100001111001001100001111111101111111011100010011,
00000000000000100101011110010111000000001110011110000000001000111111111111110000000001110001001100010111010001111000011110010011,
00000000000000100101011110010111000000001110011110000000101000111111111111110000000001110001001100010110010001111000011110010011,
00000000000000100101011110010111000000001110011110000001001000111111111111110000000001110001001100010101010001111000011110010011,
00000000000000100101011110010111000000001110011110000001101000111111111111110000000001110001001100010100010001111000011110010011,
00000000000000100101011110010111000000001110011110000010001000111111111111110000000001110001001100010011010001111000011110010011,
00001111111100000000000000001111000000001110011110000010101000111111111111110000000001110001001100010010010001111000011110010011,
00000000000101111000011110010011111111101000010000100111100000110000000100000000000000000110111111111110000001000010010000100011,
11001111111101111000011110010011000000010011000100110111101101111111111010000100001001110000001111111110111101000010010000100011,
00000010110000010010000010000011000000000000000000000000000100110000000000000000000000000001001111111110111001111101010011100011,
11110111000000010000000100010011000000000000000010000000011001110000001100000001000000010001001100000010100000010010010000000011,
11111110000001000010011000100011000010010000000100000100000100110000100010000001001001000010001100001000000100010010011000100011,
11111110000001000010000000100011111111100000010000100010001000111111111000000100001001000010001111111100000001000010001000100011,
11111100111101000010110000100011111110010100010000000111100100111111101000000100001011100010001111111100000001000010000000100011,
00000000000000000000000000010011110010101101111111100000111011110100101100000101000001010001001100000000000000000001010100010111,
00000000000000000001011110110111000000000000011110100111000000110000101001000111100001111001001100100000000000110000011110110111,
00100000000000110000011110110111111111100000011110010100111000110000000011110111011101111011001110000000000001111000011110010011,
11111100010001000010011110000011111111001111010000100010001000110000000000000111101001111000001100001110110001111000011110010011,
00000000001001111101011110010011111111000100010000100111100000110000000000000111100011000110001100000000001101111111011110010011,
11111100010001000010011110000011000000010000000000000000011011111111111011110100001001000010001100000000000101111000011110010011,
11111100111101000010110000100011111110010100010000000111100100111111111011110100001001000010001100000000001001111101011110010011,
00100000000000110000011110110111000001000100000000000000011011111111111011110100001001100010001100000000000100000000011110010011,
11111101100001000010011110000011111111001111010000101110001000110000000000000111101001111000001100001111000001111000011110010011,
00000000010001111000011110010011111111011000010000100111100000110000000011100111101000000010001111111101110001000010011100000011,
11111110111101000010000000100011000000000001011110000111100100111111111000000100001001111000001111111100111101000010110000100011,
11111110110001000010011100000011111111101111010000100110001000110000000000010111100001111001001111111110110001000010011110000011,
00000000011000000000011000010011111110010100010000000111100100111111101011100111111111001110001100000000010100000000011110010011,
01111011000000000000000011101111000000000000011110000101000100111111110100000101100001011001001100000000000000100101010110010111,
00000010000000000000000001101111111111000000010000101010001000110000001000000111100111100110001100000000000001010000011110010011,
11111100111101000010111000100011000000000000011110100111100000110000111100000111100001111001001100100000000000110000011110110111,
11111110100001000010011110000011111111001111010000101010001000110000000000010111100001111001001111111101010001000010011110000011,
00100111100000000000000001101111111111001110011111101100111000111111110101000100001001111000001111111111101101111000011100010011,
11111001110001000101011100000011000000001110011110010000001000111111100110100100010101110000001110101100000000011000011110010011,
11111101110001000010010100000011000000001110011110010010001000111111100111100100010101110000001100000000111001111001000100100011,
11111100111001000010111000100011000000000000010110000111100100110000000000000101000001110001001101111101110000000000000011101111,
00000000111101110111011110110011111111111111011110000111100100110000000000000001000001111011011111111101110001000010011100000011,
11111010111101000010101000100011000000010000011111010111100100111111110111000100001001111000001111111010111101000010110000100011,
11111110111101000010001000100011000000001111011100000111101100111111101101000100001001111000001111111110010001000010011100000011,
00000000000001111000010100010011000000000000011110100111100000110000111100000111100001111001001100100000000000110000011110110111,
10000010010000011000011110010011000000000000010110000111100100110000000000000101000001110001001101111000110000000000000011101111,
11111110111101000010000000100011000000000001011110000111100100111111111000000100001001111000001100000000111001111010000000100011,
00001111000001111000011110010011001000000000001100000111101101110000011011000000000000000110111111111100000001000010100000100011,
11111010000001000010011000100011011101010100000000000000111011110000000000000111100001010001001100000000000001111010011110000011,
00000000000001111000010100010011000000000000011110100111100000110000111100000111100001111001001100100000000000110000011110110111,
11111010111001000010010000100011000000000000010110000111100100110000000000000101000001110001001101110011110000000000000011101111,
00000000111101110000011110110011000000000010011110010111100100111111110100000100001001111000001110110010010000011000011100010011,
00000000001001111000011110010011111111100000010000100111100000110000000011100111101000000010001111111010100001000010011100000011,
11111100111101000010100000100011000000000001011110000111100100111111110100000100001001111000001111111110111101000010000000100011,
11111000111101110110011011100011000000000000011110100111100000111000001001000001100001111001001111111101000001000010011100000011,
00000000000001111000010100010011000000000000011110100111100000110000111100000111100001111001001100100000000000110000011110110111,
11111010111001000010100000100011000000000000010110000111100100110000000000000101000001110001001101101101110000000000000011101111,
00000000000001111000010100010011000000000000011110100111100000110000111100000111100001111001001100100000000000110000011110110111,
10000010000000011000011110010011000000000000010110000111100100110000000000000101000001110001001101101011110000000000000011101111,
00000000000001111010011110000011000011110000011110000111100100110010000000000011000001111011011100000000111001111010000000100011,
00000000000001011000011110010011000000000000010100000111000100110110100110000000000000001110111100000000000001111000010100010011,
00000000000001111010011110000011000011110000011110000111100100110010000000000011000001111011011111111010111001000010100000100011,
00000000000001011000011110010011000000000000010100000111000100110110011110000000000000001110111100000000000001111000010100010011,
00001111000001111000011110010011001000000000001100000111101101110000000011100111101000000010001110000001110000011000011110010011,
00000000000001010000011100010011011001010100000000000000111011110000000000000111100001010001001100000000000001111010011110000011,
00100000000000110000011110110111000000001110011110100000001000111000000101000001100001111001001100000000000001011000011110010011,
01100011000000000000000011101111000000000000011110000101000100110000000000000111101001111000001100001111000001111000011110010011,
00000000111001111010000000100011100000011000000110000111100100110000000000000101100001111001001100000000000001010000011100010011,
11111100000001000010011000100011111111101111010000100000001000110000000001100111100001111001001111111110000001000010011110000011,
00000000000001111010011110000011000011110000011110000111100100110010000000000011000001111011011100000010000000000000000001101111,
11111100111101000010011000100011000000000001011110000111100100111111110011000100001001111000001111111100111101000010111000100011,
11111100110001000010011110000011010000001111011100000111001100111111111010000100001001110000001111111110000001000010011110000011,
00000000010001111010011000000011000000000000011110100101100000111010110000000001100001111001001111111100111001111110101011100011,
11110110101101000010100000100011000000010000011110100111100000110000000011000111101001110000001100000000100001111010011010000011,
11111000111101000010000000100011111101101110010000101110001000111111011011010100001011000010001111110110110001000010101000100011,
00000000000001111000010100010011000000100110000000000101100100110000000001100000000001100001001111110111000001000000011110010011,
11111111111101111000011110010011000000000000000100000111101101111111101110000100001001110000001100111110000000000000000011101111,
00000000000000000001010100010111000000000000000000000000000100111100011110011111111100000110111100000000111101110000010001100011,
00000000000001111010011110000011100000100100000110000111100100111001000100011111111000001110111100010011000001010000010100010011,
10001111100111111110000011101111000100111100010100000101000100110000000000000000000101010001011100000000000001111000010110010011,
00000000000101111000011010010011111111001000010000100111100000110000010000000000000000000110111111111100000001000010010000100011,
00000000111101110000011110110011000000000010011110010111100100111111110010000100001001111000001110110010010000011000011100010011,
00000000000000000001010100010111000000000000011010000101100100110000000000000111100001100001001100000000000001111010011110000011,
00000000000101111000011110010011111111001000010000100111100000111000110000011111111000001110111100010001110001010000010100010011,
00000000000001111010011110000011100000100100000110000111100100111111110010000100001001110000001111111100111101000010010000100011,
00001000110000010010000010000011000000000000000000000000000100110000000000000000000000000001001111111010111101110110110011100011,
11110111000000010000000100010011000000000000000010000000011001110000100100000001000000010001001100001000100000010010010000000011,
11111000101001000010111000100011000010010000000100000100000100110000100010000001001001000010001100001000000100010010011000100011,
11111110000001000010010000100011111111000000010000100100001000111111111000000100001001100010001111111000101101000010110000100011,
11111100000001000010001000100011111111100000010000100000001000111111111011110100001000100010001111111001110001000010011110000011,
11111100111101000010101000100011111110100100010000000111100100111111110000000100001000000010001111111100000001000010110000100011,
00000000000001111010011100000011000010100100011110000111100100110010000000000011000001111011011100000000000000000000000000010011,
11111110000001111001010011100011000000001111011101110111101100111000000000000111100001111001001100000000000000000001011110110111,
11111100111101000010010000100011000000000000011110100111100000110000111011000111100001111001001100100000000000110000011110110111,
11111100100001000010011110000011000000000000011110001100011000110000000000110111111101111001001111111100100001000010011110000011,
00000001000000000000000001101111111111101111010000100100001000110000000000010111100001111001001100000000001001111101011110010011,
11111010010001000000011110010011111111101111010000100100001000110000000000100111110101111001001111111100100001000010011110000011,
00100000000000110000011110110111000000111000000000000000011011111111111000000100001001100010001111111100111101000010101000100011,
11111101010001000010011110000011111111001111010000101110001000110000000000000111101001111000001100001111000001111000011110010011,
00000000010001111000011110010011111111010100010000100111100000110000000011100111101000000010001111111101110001000010011100000011,
11111110111101000010011000100011000000000001011110000111100100111111111011000100001001111000001111111100111101000010101000100011,
11111010010001000000011110010011111111001110011111110010111000110000000001000000000001111001001111111110110001000010011100000011,
00000000000001111000010100010011101101111100010110000101100100110000000000000010010101011001011100000000011000000000011000010011,
00000010001100000000010100010011000001000000011110010010011000110000000000000101000001111001001100110101110000000000000011101111,
00100000000000110000011110110111000000100000000000000000011011111111110000000100001010000010001110000000010011111110000011101111,
11111101000001000010011110000011111111001111010000101110001000110000000000000111101001111000001100001111000001111000011110010011,
11111111101101111000011100010011111111101000010000100111100000111111110011110100001010000010001100000000000101111000011110010011,
11111101100001000010011110000011000110000000000000000000011011111111110011100111111011001110001111111101000001000010011110000011,
00111110100000000000011110010011111111011000010000100111000000111111110011110100001011000010001100000000000101111000011110010011,
11111101110001000010010100000011111111000000010000101100001000110000000000000111100101000110001100000010111101110111011110110011,
11111100111001000010111000100011000000000000010110000111100100110000000000000101000001110001001100110111110000000000000011101111,
00000000111101110111011110110011111111111111011110000111100100110000000000000001000001111011011111111101110001000010011100000011,
11111010111101000010110000100011000000010000011111010111100100111111110111000100001001111000001111111010111101000010111000100011,
00000010111101110000011001100011111111111111011110000111100100110000000000000001000001111011011111111011110001000010011100000011,
00000000000000000001010100010111000000101111011100000000011000111111101111000100001001111000001111111101100001000010011100000011,
11110100110001010000010100010011000000000000000000010101000101111110110000001111111000001110111111110011100001010000010100010011,
00011111010000000000011110010011111110111100010000100111000000110000000000000000000000000110111111101011010011111110000011101111,
11110010100111111101000011101111000000101110000000000101000100110000000000000111100101100110001100000010111101110111011110110011,
11111110111101000010000000100011000000001111011100000111101100111111101110000100001001111000001111111110000001000010011100000011,
00001111000001111000011110010011001000000000001100000111101101110000010101000000000000000110111111111100000001000010011000100011,
00000000001001111001011110010011111111001100010000100111100000111111110011110100001011100010001100000000000001111010011110000011,
11111110010001000010011110000011000000101111011101110000011000111111101110000100001001111000001100000000000001111000011100010011,
00000000010001111000011110010011111111100100010000100111100000110000000011100111101000000010001111111101110001000010011100000011,
11111100110001000010011110000011000000000000000000000000000100110000000010000000000000000110111111111110111101000010001000100011,
11111111101101111000011100010011111111101000010000100111100000111111110011110100001001100010001100000000000101111000011110010011,
00000000010100000000011110010011111110111100010000100111000000111111101011100111111000101110001111111100110001000010011110000011,
00000000000001111010010110000011101011000000000110000111100100110000010000000111100100100110001100000010111101110111011110110011,
00000001000001111010011110000011000000001100011110100111000000110000000010000111101001101000001100000000010001111010011000000011,
11110110111001000010111000100011111101101101010000101100001000111111011011000100001010100010001111110110101101000010100000100011,
00000010011000000000010110010011000000000110000000000110000100111111011100000100000001111001001111111000111101000010000000100011,
00000000000000010000011110110111111110111100010000100111000000110000011111000000000000001110111100000000000001111000010100010011,
00000000000000000000000000010011110101111001111111110000011011110000000011110111000001000110001111111111111101111000011110010011,
00000000001001111001011110010011111110011000010000100111100000111010110101000001100001101001001111111110000001000010011100000011,
11100100110001010000010100010011000000000000000000010101000101110000000011100111101000000010001100000000111101101000011110110011,
11100110000001010000010100010011000000000000000000010101000101111111111000000100001001011000001111011001010011111110000011101111,
00000000000000000001010100010111111110011100010000100101100000111111111001000100001001100000001111011000010011111110000011101111,
00000000000001111000010100010011000000000000000000000111100100111101011100001111111000001110111111100110010001010000010100010011,
00000000000000001000000001100111000010010000000100000001000100110000100010000001001001000000001100001000110000010010000010000011,
00000110000000010000010000010011000001001001000100101100001000110000010010000001001011100010001111111010000000010000000100010011,
11111110000001000010000000100011111110101100010000100100001000111111101010110100001001100010001100000000000001010000010010010011,
11111110100101000010011000100011111111000000010000101010001000111111110000000100001011000010001111111100000001000010111000100011,
00001111110001111000011110010011001000000000001100000111101101110000001100000000000000000110111111111110000001000010010000100011,
11111110110001000010011110000011000000001110011110100000001000110000000000000111001001110000001111111110110001000010011100000011,
00000000000101111000011110010011111111101000010000100111100000111111111011110100001001100010001100000000010001111000011110010011,
11111100111001111101011011100011000000000010000000000111100100111111111010000100001001110000001111111110111101000010010000100011,
00000000100001110000011100010011101011001100110100000111001101110000111111000111100001111001001100100000000000110000011110110111,
11111010100001000010011100000011000011111100011110000111100100110010000000000011000001111011011100000000111001111010000000100011,
00100000000000110000011110110111000000100000000000000000011011111111111000000100001000100010001100000000111001111010000000100011,
11111110010001000010011110000011000000001110011110100000001000111111101010000100001001110000001100001111110001111000011110010011,
00000000110100000000011110010011111111100100010000100111000000111111111011110100001000100010001100000000000101111000011110010011,
00001111100001111000011110010011001000000000001100000111101101110000111111110000000000000000111111111100111001111101111011100011,
00000000000000000000000000010011000011111111000000000000000011110000000011100111101000000010001100000100110000000000011100010011,
00100000000000110000011110110111000000000000011110100111100000110000101100000111100001111001001100100000000000110000011110110111,
00000000000001111001110001100011010000000000011111110111100100110000000000000111101001111000001100001010110001111000011110010011,
11111100111101000010100000100011000000000000011110100111100000110000111101000111100001111001001100100000000000110000011110110111,
00000101110000010010010000000011000000000000000000000000000100110000000000000000000000000001001111111101110111111111000001101111,
11111101000000010000000100010011000000000000000010000000011001110000011000000001000000010001001100000101100000010010010010000011,
11111100101101000010110000100011111111001010010000101110001000110000001100000001000001000001001100000010100000010010011000100011,
11111101100001000010011110000011111111101111010000100110001000111111110111000100001001111000001111111100110001000010101000100011,
11111110110001000010011110000011000001000100000000000000011011111111111000000100001000100010001111111110111101000010010000100011,
00000000111101110000011001100011000000000000011111000111100000111111111010000100001001111000001100000000000001111100011100000011,
00000000000101111000011110010011111111101100010000100111100000110000001110000000000000000110111111111111111100000000011110010011,
11111110111101000010010000100011000000000001011110000111100100111111111010000100001001111000001111111110111101000010011000100011,
11111110010001000010011100000011111111101111010000100010001000110000000000010111100001111001001111111110010001000010011110000011,
00000000000001111000010100010011000000000000000000000111100100111111101011110111010011001110001111111101010001000010011110000011,
11111110000000010000000100010011000000000000000010000000011001110000001100000001000000010001001100000010110000010010010000000011,
11111110110001000010011110000011111111101010010000100110001000110000001000000001000001000001001100000000100000010010111000100011,
00000000000000010000011110110111000000001000011111010110100100111111111011000100001001111000001100000001100001111101011100010011,
11111110110001000010011110000011000000001111011101100111001100110000000011110110111101111011001111110000000001111000011110010011,
00000000111101110110011100110011000000001111011011110111101100110000000011111111000001111011011100000000100001111001011010010011,
00000000000001111000100000010011000000001111011101100111101100110000000110000111100101111001001111111110110001000010011110000011,
00000000000001110000010100010011000000000000100010000111100100110000000000001000000001110001001100000000000000000000100010010011,
00000000000000001000000001100111000000100000000100000001000100110000000111000001001001000000001100000000000001111000010110010011,
00000011000000010000010000010011000000101000000100100100001000110000001000010001001001100010001111111101000000010000000100010011,
00000000000001100010010110000011100000011100000110000110000100111111000101000000001001010111001111111100101001000010111000100011,
00000000000000000001000000001111000011111111000000000000000011111111111011110100001001100010001111111101110001000010011110000011,
00000000000001111010000000100011100000010000000110000111100100110000000000000000000000000001001100000000000000000000000000010011,
00000000000001111000000011100111111111101100010000100111100000110000000000000000000100000000111100001111111100000000000000001111,
00000011000000010000000100010011000000101000000100100100000000110000001011000001001000001000001100000000000000000000000000010011,
00000010100000010010110000100011000000100001000100101110001000111111110000000001000000010001001100000000000000001000000001100111,
00000000111001111010000000100011000000000001000000000111000100111000000100000001100001111001001100000100000000010000010000010011,
00000000000000100000011110110111111111000000010000101110001000111111111000000100001000000010001111111110000001000010001000100011,
11100000000001111000011110010011000100000000000000010111101101111111110000000100000010111010001111111100111101000010110000100011,
11111100111101000010011000100011000000000100011110000111100100110001000000001000000001111011011111111100111101000010100000100011,
00001111111100000000010110010011000011111111000000000110000100110000000000000111101000000010001111111100110001000010011110000011,
00000001000000000000000001101111111111100000010000100110001000111011010011001111111100001110111100000000000000000000010100010011,
11111110110001000010011100000011111111101111010000100110001000110000000000010111100001111001001111111110110001000010011110000011,
00001111111100000000010110010011000000000000000000000110000100111111111011100111110101101110001100000011000100000000011110010011,
00000001000000000000000001101111111111100000010000100100001000111011000111001111111100001110111100000000000000000000010100010011,
11111110100001000010011100000011111111101111010000100100001000110000000000010111100001111001001111111110100001000010011110000011,
00000000000001010000100010010011111110100001111111110000011011111111111011100111110101101110001100000011000100000000011110010011,
00000000000001011000011110010011000000000000010100001000000100110000000000000110000001110001001100000000000001011000001100010011,
00001110110000110111011001100011101011110000010110000101100100110000000000000000000101011001011100101000000001101001001001100011,
00000000000101101100011010010011000100000000011000110110100100110000110011010110011110000110001100000000000000010000011010110111,
00000000000001011100010110000011000000001010010110000101101100110000000011010110010101010011001100000000001101101001011010010011,
00000000110101010000110001100011010000001101010100000101101100110000000011010101100001101011001100000010000000000000010100010011,
00000000111101101110011110110011000000001011011000010111001100110000000011011000110101101011001100000000101100110001011110110011,
00000001000001110001011000010011000000101011011111010011001100110000000100000111010101011001001100000000101110001001100000110011,
00000010011001100000100010110011000000000000001100000101000100110000001010110111111101111011001100000001000001100101011000010011,
00000001000101111111111001100011000000001101011111100111101100110000000100001000010101111001001100000001000001111001011010010011,
00000001000101111111011001100011000000001110011111101000011000111111111111110011000001010001001100000000111101110000011110110011,
00000010101101111101100010110011010000010001011110000111101100110000000011100111100001111011001111111111111000110000010100010011,
00000011000101100000011010110011000000101011011111110111101100110000000100001000010110000001001100000001000010000001100000010011,
00000000110110000111110001100011000000000000100010000111100100110000000011111000011010000011001100000001000001111001011110010011,
00000000110110000111010001100011000000001110100001100110011000111111111111111000100001111001001100000001000001110000100000110011,
00000000000000000000010110010011000000001111010101100101001100110000000100000101000101010001001111111111111010001000011110010011,
11110010101001100110110011100011000000010000000000000110100100110000000100000000000001010011011100000000000000001000000001100111,
00000000000001100000110001100011000000000000000000000110100100111111001100011111111100000110111100000001100000000000011010010011,
00000000000101101100011010010011000100000000011000110110100100110000110011110110011100000110001100000000000000010000011110110111,
00000000000001011100011110000011000000001111010110000101101100110000000011010110010101111011001100000000001101101001011010010011,
00001010111101101001011001100011010000001111011010000101101100110000001000000000000001101001001100000000110101111000011110110011,
00000011000101111101111000110011000000010000011101011000100100110000000000010000000001011001001101000000110000110000011110110011,
00000011000101111111011110110011000000010000100001010110100100110000000100000110010101100001001100000001000001110001011000010011,
00000000111101101110011110110011000000010000011110010111100100110000001111000110000000110011001100000000000011100000010100010011,
00000000111001111110100001100011111111111111111000000101000100110000000011110111000001111011001100000000011001111111111001100011,
01000000011001111000011110110011000000001110011110000111101100111111111111101110000001010001001100000000011001111111011001100011,
00000011000101111111011110110011000000010000100001011000000100110000000100001000000110000001001100000011000101111101001100110011,
00000000000000110000011110010011000000001111100001101000001100110000000100000111100101111001001100000010011001100000011010110011,
00000000111010000110011001100011111111111111001100000111100100110000000100000111000010000011001100000000110110000111110001100011,
00000000111101010110010100110011000000010000010100010101000100111111111111100011000001111001001100000000110110000111010001100011,
11110100111101100110010011100011000000010000000000000110100100110000000100000000000001111011011100000000000000001000000001100111,
00000000111100110101011010110011000000001011011000010111001100111111010000011111111100000110111100000001100000000000011010010011,
00000000011001111110011110110011000000001111100011010111101100110000000010110011000100110011001100000001000001110101010100010011,
00000000101110001001100000110011000000010000011001010110000100110000000100000111000101100001001100000010101001101101001100110011,
00000001000001111101011010010011000000010000011010010101100100110000001001100110000010001011001100000010101001101111011010110011,
00000000110101110000011010110011000000010001011011111110011000110000000000000011000001011001001100000000101101101110011010110011,
11111111111000110000010110010011000000010001011011110110011000110000000011100110111010000110001111111111111100110000010110010011,
00000001000001111001011110010011000000101010011011011000101100110100000100010110100001101011001100000000111001101000011010110011,
00000001000001101001011010010011000000110001011000000110001100110000001010100110111101101011001100000001000001111101011110010011,
00000000111101110000011110110011000000001100011111111110011000110000000000001000100001101001001100000000110101111110011110110011,
11111111111010001000011010010011000000001100011111110110011000110000000011100111111010000110001111111111111110001000011010010011,
00000000110101011110010110110011010000001100011110000111101100110000000100000101100101011001001100000000111001111000011110110011,
00000100111101101111010001100011000000000000000100000111101101110001100011010101111001100110001111101011100111111111000001101111,
00000000111001101101010110110011000000000011011100010111000100110000000000010111010001110001001100010000000001101011011100010011,
00000000000001111100011110000011000000001011011110000111101100111000010101000111100001111001001100000000000000000001011110010111,
00000010111101110001011001100011010000001111011100000101101100110000001000000000000001110001001100000000111001111000011110110011,
00000000000101010100010100010011000000001100100010110101001100111110000001100110111011101110001100000000000100000000010100010011,
11111100111101101110000011100011000000010000000000000111000100110000000100000000000001111011011100000000000000001000000001100111,
00000000101101101001011010110011000000001111011001010111001100111111101110011111111100000110111100000001100000000000011100010011,
00000000111110001101011110110011000000001011001100010011001100110000000011110011010101110011001100000000110101110110011010110011,
00000001000001101001100000010011000000100110011101011110101100110000000100000110110100110001001100000000011001111110011110110011,
00000011110110000000111000110011000000100110011101110111001100110000000010110110000101100011001100000001000010000101100000010011,
00000000000011101000010100010011000000001010011101100111001100110000000100000111110101110001001100000001000001110001010100010011,
00000000110101110110100001100011111111111111111010000101000100110000000011100110100001110011001100000001110001110111111001100011,
01000001110001110000011100110011000000001101011100000111001100111111111111101110100001010001001100000001110001110111011001100011,
00000010011001110111011100110011000000010000011111010111100100110000000100000111100101111001001100000010011001110101111000110011,
00000000000011100000011100010011000000001110011111100111101100110000000100000111000101110001001100000011110010000000100000110011,
00000000110101111110100001100011111111111111111000000111000100110000000011110110100001111011001100000001000001111111111001100011,
00000001000001010001010100010011000000001101011110000111101100111111111111101110000001110001001100000001000001111111011001100011,
00000000110101010111011100110011111111111111111000000110100100110000000011100101011001010011001100000000000000010000111000110111,
00000001000001100101011000010011000000010000010101011000000100110000000011010110011101101011001101000001000001111000011110110011,
00000010110010000000100000110011000000101100011100000111001100110000001011011000000001101011001100000010110101110000001100110011,
00000000110101110111010001100011000000001100011100000111001100110000000100000011010101110001001100000000110101110000011000110011,
00000010110101111110011001100011000000010000011010000110101100110000000100000111010101101001001100000001110010000000100000110011,
00000000111101110111011100110011111111111111011110000111100100110000000000000001000001111011011111001110110101111001111011100011,
00000000011001110000011100110011000000001011100010011000101100110000000011110011011100110011001100000001000001110001011100010011,
11001101000111111111000001101111111111111111010100000101000100111100110011101000111111101110001100000000000000000000010110010011,
00000000000001100000100000010011000000000000000010000000011001110000000000000000000001010001001100000000000000000000010110010011,
00000000000000000000100010010111001000000000011010010110011000110000000000000101100001110001001100000000000001010000011110010011,
00001010110101100111111001100011000000000000000100000110101101110000110011000101111111000110001101101100100010001000100010010011,
00000000110101100101001100110011000000000011011010010110100100110000000000010110110001101001001100010000000001100011011010010011,
00000000110110001000011010110011000000100000000000000011000100110000000000001000110010001000001100000000011010001000100010110011,
00000000110101010101011010110011000000010001010110010111001100110000000011010011000011000110001101000000110100110000100010110011,
00000001000010000101011000010011000000010001010100010111101100110000000011100110111001110011001100000001000101100001100000110011,
00000010110001110111011100110011000000010000010101010101000100110000000100001000000101010001001100000010110001110101011010110011,
00000000101101110110011100110011000000010000011111010111000100110000000100000111000101011001001100000010101001101000011010110011,
00000000110101110111010001100011000000010000011101100110011000110000000011101000000001110011001100000000110101110111101001100011,
00000010110001110111011100110011000000101100011101010110101100110100000011010111000001110011001100000001000001110000011100110011,
00000001000001111101011110010011000000010000011100010111000100110000000100000111100101111001001100000010101001101000011010110011,
00000001000001111110011001100011000000001111100000000111101100110000000011010111111110100110001100000000111001111110011110110011,
00000001000101111101010100110011010000001101011110000111101100110000000100000111100001111011001100000000110101111111010001100011,
00000001000000000000011010010011000000010000000000000011001101110000000000000000100000000110011100000000000000000000010110010011,
00000000000000000000011010010011111101000101111111110000011011110000000110000000000001101001001111110100011001100110011011100011,
00010000000001100011011010010011000001101110011001111110011000110000000000000001000001110011011100000000000001100000110001100011,
00000000111010001000100010110011000000001101011001010111001100110000000000110110100101101001001100000000000101101100011010010011,
01000000111001101000100010110011000000100000000000000110100100110000000011010111000001110011001100000000000010001100011100000011,
00000010101101110101011000110011000000010000100001010101100100110100000011000101100001110011001100000110111001101001010001100011,
00000010101101110111011100110011000000010000011111010110100100110000000100000101010101010001001100000001000010000001010100010011,
00000000110001110111101001100011000000001110011011100111001100110000000100000111000101110001001100000010101001100000011000110011,
00000001000001110000011100110011000000001100011101110100011000110000000100000111011001100110001100000000111010000000011100110011,
00000010101001101000011010110011000000101011011101110111001100110000001010110111010101101011001101000000110001110000011100110011,
11111000111001100110011011100011000000010000000000000110100100110000000100000000000001110011011111110011010111111111000001101111,
00000000111001011101011010110011000000010001011000011000001100111111100001011111111100000110111100000001100000000000011010010011,
00000001000010000101010100010011000000001110010101010111001100110000000100010101100101011011001100000001000101010001011110110011,
00000001000000110101001100010011000000010000100000010011000100110000001010100110110101011011001100000000101101110110011100110011,
00000001000001110101011010010011000000010000011010010110000100110000001001100101100001011011001100000010101001101111011010110011,
00000001000001101110011001100011000000001101100000000110101100110000000010110110111110100110001100000000110001101110011010110011,
00000010101001101101011000110011010000001011011010000110101100110000000100000110100001101011001100000000101101101111010001100011,
00000010011001100000011000110011000000101010011011110110101100110000000100000111010101110001001100000001000001110001011100010011,
00000000111010000000011100110011000000001100011101111010011000110000000011010111011001110011001100000001000001101001011010010011,
01000000110001110000011100110011000000010000011100000111001100110000000011000111011101000110001100000001000001110110011001100011,
00000101000001101111111001100011000000000000000100001000001101110001110011010101111001000110001111110001100111111111000001101111,
00000001000001101101001100110011000000000011100000011000000100110000000000011000010010000001001100010000000001101011100000010011,
00000000000010001100100010000011000000000110100010001000101100110100101001001000100010001001001100000000000000000000100010010111,
00000101000100110001000001100011010000010001001100001000001100110000000100001000100010001011001100000010000000000000001100010011,
01000000110101011000011010110011010000001100010100000110001100110000000011000101011011000110001100000000101101101110010001100011,
00000000000001111000010100010011010000001110011010000111001100110000000000000110000001111001001100000000110001010011011100110011,
00000001000000000000100000010011000000010000000000001000101101110000000000000000100000000110011100000000000001110000010110010011,
00000001000101100101011110110011111110100101111111110000011011110000000110000000000010000001001111111011000101101110011011100011,
00000001000001101101111000010011000000010001010111010111001100110000000011010111111001101011001100000001000001101001011010110011,
00000001000001011001011110110011000000010000001101010011000100110000000100000110100100110001001100000011110001110101111100110011,
00000001000001100001011000110011000000010000010111010111100100110000000011110101111001011011001100000001000101010101010110110011,
00000001000001110001011100010011000000111110001100001110101100110000001111000111011101110011001100000001000001010001010100110011,
00000000111101101000011110110011000000011101011111111110011000110000000000001111000001110001001100000000111001111110011110110011,
11111111111011110000011100010011000000011101011111110110011000110000000011010111111010000110001111111111111111110000011100010011,
00000001000001011001010110010011000000111100011111011110101100110100000111010111100001111011001100000000110101111000011110110011,
00000011110100110000001100110011000000000000111010001110000100110000001111000111111101111011001100000001000001011101010110010011,
00000000101101101000010110110011000000000110010111111110011000110000000011110101111001011011001100000001000001111001011110010011,
11111111111011101000111000010011000000000110010111110110011000110000000011010101111010000110001111111111111111101000111000010011,
00000001110001111110011110110011000000000000000100001111001101110000000100000111000101111001001100000000110101011000010110110011,
00000001000001100101111000010011000000000110011111110111001100111111111111111111000000110001001101000000011001011000010110110011,
00000010011001111000001100110011000000100110011100001110101100110000000001100110011100110011001100000001000001111101011110010011,
00000001000011101101011100010011000000000110011100001110001100110000001111000111100001111011001100000011110001110000011100110011,
00000001000001110101001100010011000000011110011110000111101100110000000001100111011101000110001100000001110001110000011100110011,
00000000011001110111011100110011111111111111001100000011000100110000000000000001000000110011011100000000111100110000011110110011,
00000000111101011110011001100011000000011101011100000111001100110000000001101110111111101011001100000001000001110001011100010011,
00000000110001110011001100110011010000001100011100000110001100110000000011100101011111000110001100000000111101011001111001100011,
01000000111001010000011100110011010000001101011110000111101100110000000000000110000001110001001100000000110100110000011010110011,
00000001000101011001100010110011010000001010010110000101101100110100000011110101100001011011001100000000111001010011010100110011,
00000000000000001000000001100111000000010000010111010101101100110000000011101000111001010011001100000001000001110101011100110011,
00100000010000110101000001000101000000000000000000000000000000000000110100001010010100000100000101010010010101000000110100001010,
00100000001110100010000001100101011100110111010101100001010000110000000000001101000010100111100001101100001001010010000000111010,
01100101011100100110010001100100011000010110010001100001011000100000000000000000000000000000110100001010011110000110110000100101,
00100000011001110110010101110010000000000000000000000000000011010000101001111000011011000010010100100000001110100111001101110011,
01010100010010010101100001000101000000000000000000001101000010100111100001101100001001010010000000111010001000000110010000100101,
01100001011011010010000001110100011011100110010101101101011001010110110001110000011011010100100100000000000000000000110100001010,
01101100011101010110111000101000000000000000101000100001011011110110111101100110001000000010110000101001001010000110111001101001,
11111111111111111101100100110000111111111111111111011001010001001111111111111111110101101101010000000000000000000010100101101100,
11111111111111111101100101000100111111111111111111011001010001001111111111111111110110010100010011111111111111111101100101000100,
11111111111111111101011001000100111111111111111111011001010001001111111111111111110110010100010011111111111111111101011010101100,
11111111111111111101011001011100111111111111111111010110010100001111111111111111110110010100010011111111111111111101011011000100,
11111111111111111101011001011100111111111111111111010110010111001111111111111111110101100101110011111111111111111101011001011100,
11111111111111111101011001011100111111111111111111010110010111001111111111111111110101100101110011111111111111111101011001011100,
11111111111111111101100101000100111111111111111111011001010001001111111111111111110110010100010011111111111111111101100101000100,
11111111111111111101100101000100111111111111111111011001010001001111111111111111110110010100010011111111111111111101100101000100,
11111111111111111101100101000100111111111111111111011001010001001111111111111111110110010100010011111111111111111101100101000100,
11111111111111111101100101000100111111111111111111011001010001001111111111111111110110010100010011111111111111111101100101000100,
11111111111111111101100101000100111111111111111111011001010001001111111111111111110110010100010011111111111111111101100101000100,
11111111111111111101100101000100111111111111111111011001010001001111111111111111110110010100010011111111111111111101100101000100,
11111111111111111101100101000100111111111111111111011001010001001111111111111111110110010100010011111111111111111101100101000100,
11111111111111111101100101000100111111111111111111011001010001001111111111111111110110010100010011111111111111111101100101000100,
11111111111111111101100101000100111111111111111111011001010001001111111111111111110110010100010011111111111111111101100101000100,
11111111111111111101100101000100111111111111111111011001010001001111111111111111110110010100010011111111111111111101100101000100,
11111111111111111101100101000100111111111111111111011000001010001111111111111111110101110001000011111111111111111101100101000100,
11111111111111111101100101000100111111111111111111011001010001001111111111111111110110010100010011111111111111111101100101000100,
11111111111111111101100101000100111111111111111111010111000000001111111111111111110110010100010011111111111111111101100101000100,
11111111111111111101100101000100111111111111111111011000110000001111111111111111110110001011010011111111111111111101100101000100,
11111111111111111101100010101000111111111111111111011001010001001111111111111111110101110011010011111111111111111101100101000100,
00000000000010000010000000001000111111111111111111011000111010001111111111111111110110010100010011111111111111111101100101000100,
01101001011110100110100101101100011000010110100101110100011010010110111001001001000010100000110100000000011110000110110000100101,
00000000000000000000000000101110001011100111010001100101011011100111001001100101011010000111010001100101001000000110011101101110,
01100100001000000111001001101111011001100010000001100111011011100110100101110100011010010110000101010111001000000000110100001010,
01000100000010010000101000001101000000000000000000000000000000000010111000101110001011100010111000101110011000010111010001100001,
01110011011001110110111001101001011101000111010001100101011100110010000001100100011000010110111101101100011011100111011101101111,
00000000000000000000000000000000000010010000101000001101011001000110010101110110011010010110010101100011011001010111001000100000,
00001001001000000111001101100101011011000110100101100110001000000110110001100001011101000110111101010100000010010000101000001101,
00100000011001010110110001101001010001100000100100001010000011010000000000000000000000000010000001100100001001010010000000111010,
01111000001100000010000000111010000010010010000001110011011100110110010101110010011001000110010001100001001000000110010000100101,
00100000011001010110001101101110011001010111010101110001011001010101001100001001000010100000110100000000011110000110110000100101,
00100000011010000110001101110100011000010110110101110011011010010110110100100000011100100110010101100010011011010111010101101110,
01100101011100100010000001100101011100110110000101100101011011000101000000001001000010100000110100000000000010010000101000001101,
00001010000011010010000001100100011100100110000101101111011000100010000001100101011010000111010000100000011101000110010101110011,
01100101011000110110010101110010001000000110010101101100011010010100011000001001000010100000110100000000000000000000000000001001,
01101100011011000111010101100110011100110111001101100101011000110110001101110101011100110010000001100100011001010111011001101001,
01101100011000010111010001101111010101000000100100001010000011010000000000000000000000000000000000001001000010100000110101111001,
00000000000000000000000000000000001000000110010000100101001000000011101000100000011100110110010101110100011110010110001000100000,
00001001000010100000110101011101011110000010010101011011001000000010110100100000010111010111100000100101010110110010110000100000,
00000100000001000000010000000100000000110000001100000011000000110000001000000010000000010000000000000000000000000000000000000000,
00000101000001010000010100000101000001010000010100000101000001010000010100000101000001010000010100000100000001000000010000000100,
00000110000001100000011000000110000001100000011000000110000001100000011000000110000001100000011000000101000001010000010100000101,
00000110000001100000011000000110000001100000011000000110000001100000011000000110000001100000011000000110000001100000011000000110,
00000111000001110000011100000111000001110000011100000111000001110000011100000111000001110000011100000110000001100000011000000110,
00000111000001110000011100000111000001110000011100000111000001110000011100000111000001110000011100000111000001110000011100000111,
00000111000001110000011100000111000001110000011100000111000001110000011100000111000001110000011100000111000001110000011100000111,
00000111000001110000011100000111000001110000011100000111000001110000011100000111000001110000011100000111000001110000011100000111,
00001000000010000000100000001000000010000000100000001000000010000000100000001000000010000000100000000111000001110000011100000111,
00001000000010000000100000001000000010000000100000001000000010000000100000001000000010000000100000001000000010000000100000001000,
00001000000010000000100000001000000010000000100000001000000010000000100000001000000010000000100000001000000010000000100000001000,
00001000000010000000100000001000000010000000100000001000000010000000100000001000000010000000100000001000000010000000100000001000,
00001000000010000000100000001000000010000000100000001000000010000000100000001000000010000000100000001000000010000000100000001000,
00001000000010000000100000001000000010000000100000001000000010000000100000001000000010000000100000001000000010000000100000001000,
00001000000010000000100000001000000010000000100000001000000010000000100000001000000010000000100000001000000010000000100000001000,
00001000000010000000100000001000000010000000100000001000000010000000100000001000000010000000100000001000000010000000100000001000,
00000000010100100111101000000011000000000000000000000000000000000000000000000000000000000001000000001000000010000000100000001000,
00000000000000000000000000011000000000000000000000000000000100000000000000000010000011010001101100000001000000010111110000000001,
00000000000000000000000000010000000000000000000000000000000000000000000000000000000001000011000011111111111111111111001111011100,
00000000000000000000000000000000000000000000000000000011111001001111111111111111111101111111100000000000000000000000000000101100;